<?xml version="1.0" encoding="UTF-8"?>
<root>
  <item name="glide.gifdecoder.GifDecoder int getStatus()">
    <annotation name="androidx.annotation.IntDef">
      <val name="value" val="{glide.gifdecoder.GifDecoder.STATUS_OK, glide.gifdecoder.GifDecoder.STATUS_FORMAT_ERROR, glide.gifdecoder.GifDecoder.STATUS_OPEN_ERROR, glide.gifdecoder.GifDecoder.STATUS_PARTIAL_DECODE}" />
    </annotation>
  </item>
  <item name="glide.gifdecoder.GifDecoder int read(byte[])">
    <annotation name="androidx.annotation.IntDef">
      <val name="value" val="{glide.gifdecoder.GifDecoder.STATUS_OK, glide.gifdecoder.GifDecoder.STATUS_FORMAT_ERROR, glide.gifdecoder.GifDecoder.STATUS_OPEN_ERROR, glide.gifdecoder.GifDecoder.STATUS_PARTIAL_DECODE}" />
    </annotation>
  </item>
  <item name="glide.gifdecoder.GifDecoder int read(java.io.InputStream, int)">
    <annotation name="androidx.annotation.IntDef">
      <val name="value" val="{glide.gifdecoder.GifDecoder.STATUS_OK, glide.gifdecoder.GifDecoder.STATUS_FORMAT_ERROR, glide.gifdecoder.GifDecoder.STATUS_OPEN_ERROR, glide.gifdecoder.GifDecoder.STATUS_PARTIAL_DECODE}" />
    </annotation>
  </item>
  <item name="glide.gifdecoder.GifDecoder.GifDecodeStatus">
    <annotation name="androidx.annotation.IntDef">
      <val name="value" val="{glide.gifdecoder.GifDecoder.STATUS_OK, glide.gifdecoder.GifDecoder.STATUS_FORMAT_ERROR, glide.gifdecoder.GifDecoder.STATUS_OPEN_ERROR, glide.gifdecoder.GifDecoder.STATUS_PARTIAL_DECODE}" />
    </annotation>
  </item>
  <item name="glide.gifdecoder.GifFrame dispose">
    <annotation name="androidx.annotation.IntDef">
      <val name="value" val="{glide.gifdecoder.GifFrame.DISPOSAL_UNSPECIFIED, glide.gifdecoder.GifFrame.DISPOSAL_NONE, glide.gifdecoder.GifFrame.DISPOSAL_BACKGROUND, glide.gifdecoder.GifFrame.DISPOSAL_PREVIOUS}" />
    </annotation>
  </item>
  <item name="glide.gifdecoder.GifHeader int getStatus()">
    <annotation name="androidx.annotation.IntDef">
      <val name="value" val="{glide.gifdecoder.GifDecoder.STATUS_OK, glide.gifdecoder.GifDecoder.STATUS_FORMAT_ERROR, glide.gifdecoder.GifDecoder.STATUS_OPEN_ERROR, glide.gifdecoder.GifDecoder.STATUS_PARTIAL_DECODE}" />
    </annotation>
  </item>
  <item name="glide.gifdecoder.GifHeader status">
    <annotation name="androidx.annotation.IntDef">
      <val name="value" val="{glide.gifdecoder.GifDecoder.STATUS_OK, glide.gifdecoder.GifDecoder.STATUS_FORMAT_ERROR, glide.gifdecoder.GifDecoder.STATUS_OPEN_ERROR, glide.gifdecoder.GifDecoder.STATUS_PARTIAL_DECODE}" />
    </annotation>
  </item>
  <item name="glide.gifdecoder.StandardGifDecoder int read(byte[])">
    <annotation name="androidx.annotation.IntDef">
      <val name="value" val="{glide.gifdecoder.GifDecoder.STATUS_OK, glide.gifdecoder.GifDecoder.STATUS_FORMAT_ERROR, glide.gifdecoder.GifDecoder.STATUS_OPEN_ERROR, glide.gifdecoder.GifDecoder.STATUS_PARTIAL_DECODE}" />
    </annotation>
  </item>
  <item name="glide.gifdecoder.StandardGifDecoder status">
    <annotation name="androidx.annotation.IntDef">
      <val name="value" val="{glide.gifdecoder.GifDecoder.STATUS_OK, glide.gifdecoder.GifDecoder.STATUS_FORMAT_ERROR, glide.gifdecoder.GifDecoder.STATUS_OPEN_ERROR, glide.gifdecoder.GifDecoder.STATUS_PARTIAL_DECODE}" />
    </annotation>
  </item>
</root>

